signal_id,source_file,record_id,variable_code,event_datetime,available_datetime,evidence_role,contribution
SIG-TEST-0001,wearable_observations.csv,WOBS-835392,ACTIVITY_LEVEL,2026-08-21T23:08:00,2026-08-21T23:09:00,PRIMARY,0.66
SIG-TEST-0001,medication_administrations.csv,MEDADM-944962,,2026-08-21T19:52:00,2026-08-21T20:07:00,CONTEXT,0.06
SIG-TEST-0002,laboratory_results.csv,LAB-479201,POTASSIUM,2026-08-26T22:57:00,2026-08-26T23:07:00,PRIMARY,0.58
SIG-TEST-0002,connectivity_events.csv,CONN-183667,,2026-08-27T00:15:00,2026-08-27T00:15:00,PRIMARY,0.71
SIG-TEST-0002,vital_signs.csv,OBS-270555,RR,2026-08-26T19:06:00,2026-08-26T19:19:00,CONTEXT,0.76
SIG-TEST-0002,medication_administrations.csv,MEDADM-174870,,2026-08-26T21:16:00,2026-08-26T21:23:00,CONTEXT,0.63
SIG-TEST-0003,medication_administrations.csv,MEDADM-694731,,2026-08-30T03:25:00,2026-08-30T03:34:00,PRIMARY,
SIG-TEST-0003,vital_signs.csv,OBS-581141,DBP,2026-08-30T02:41:00,2026-08-30T02:48:00,QUALITY,0.83
SIG-TEST-0004,medication_administrations.csv,MEDADM-166613,,2026-08-24T01:18:00,2026-08-24T01:24:00,PRIMARY,0.41
SIG-TEST-0004,vital_signs.csv,OBS-112038,TEMP,2026-08-24T03:15:00,2026-08-24T03:35:00,QUALITY,0.88
SIG-TEST-0005,medication_administrations.csv,MEDADM-899550,,2026-08-21T23:57:00,2026-08-22T00:14:00,PRIMARY,0.18
SIG-TEST-0005,wearable_observations.csv,WOBS-217301,WEARABLE_HR,2026-08-21T23:06:00,2026-08-21T23:23:00,PRIMARY,0.47
SIG-TEST-0005,connectivity_events.csv,CONN-694916,,2026-08-21T21:07:00,2026-08-21T21:15:00,PRIMARY,
SIG-TEST-0005,vital_signs.csv,OBS-231869,HR,2026-08-21T19:13:00,2026-08-21T19:29:00,PRIMARY,0.5
SIG-TEST-0006,patient_context.csv,CTX-335612,,2026-08-27T16:54:00,2026-08-27T17:09:00,PRIMARY,
SIG-TEST-0006,medication_administrations.csv,MEDADM-842225,,2026-08-27T15:23:00,2026-08-27T15:24:00,SUPPORTING,0.06
SIG-TEST-0006,device_observations.csv,DOBS-349565,SIGNAL_QUALITY_INDEX,2026-08-27T14:27:00,2026-08-27T14:30:00,PRIMARY,0.11
SIG-TEST-0007,laboratory_results.csv,LAB-863587,HEMOGLOBIN,2026-08-27T18:27:00,2026-08-27T18:31:00,PRIMARY,
SIG-TEST-0007,device_observations.csv,DOBS-570405,SIGNAL_QUALITY_INDEX,2026-08-27T18:55:00,2026-08-27T19:03:00,SUPPORTING,
SIG-TEST-0007,medication_administrations.csv,MEDADM-179046,,2026-08-27T21:36:00,2026-08-27T21:42:00,CONTEXT,0.79
SIG-TEST-0007,connectivity_events.csv,CONN-115474,,2026-08-27T22:41:00,2026-08-27T22:45:00,PRIMARY,0.51
SIG-TEST-0008,laboratory_results.csv,LAB-161324,HEMOGLOBIN,2026-08-21T07:19:00,2026-08-21T07:26:00,PRIMARY,
SIG-TEST-0008,patient_context.csv,CTX-994141,,2026-08-21T08:40:00,2026-08-21T08:42:00,PRIMARY,0.48
SIG-TEST-0008,connectivity_events.csv,CONN-171262,,2026-08-21T06:29:00,2026-08-21T06:46:00,PRIMARY,0.11
SIG-TEST-0009,wearable_observations.csv,WOBS-776856,WEARABLE_HR,2026-08-23T20:30:00,2026-08-23T20:43:00,PRIMARY,
SIG-TEST-0009,patient_context.csv,CTX-751332,,2026-08-23T22:09:00,2026-08-23T22:20:00,PRIMARY,
SIG-TEST-0009,device_observations.csv,DOBS-465962,SIGNAL_QUALITY_INDEX,2026-08-23T18:52:00,2026-08-23T19:10:00,SUPPORTING,0.16
SIG-TEST-0010,vital_signs.csv,OBS-734210,HR,2026-08-21T04:43:00,2026-08-21T04:48:00,PRIMARY,
SIG-TEST-0010,wearable_observations.csv,WOBS-987204,WEARABLE_HR,2026-08-21T02:55:00,2026-08-21T03:02:00,CONTEXT,0.26
SIG-TEST-0010,device_observations.csv,DOBS-449759,SIGNAL_QUALITY_INDEX,2026-08-21T00:47:00,2026-08-21T01:01:00,CONTEXT,
SIG-TEST-0010,medication_administrations.csv,MEDADM-548462,,2026-08-21T05:26:00,2026-08-21T05:35:00,SUPPORTING,0.52
SIG-TEST-0011,device_observations.csv,DOBS-687080,SIGNAL_QUALITY_INDEX,2026-08-20T05:49:00,2026-08-20T05:57:00,PRIMARY,0.35
SIG-TEST-0011,vital_signs.csv,OBS-950155,TEMP,2026-08-20T05:17:00,2026-08-20T05:22:00,SUPPORTING,0.88
SIG-TEST-0011,medication_administrations.csv,MEDADM-531712,,2026-08-20T03:31:00,2026-08-20T03:32:00,SUPPORTING,0.33
SIG-TEST-0012,wearable_observations.csv,WOBS-910891,ACTIVITY_LEVEL,2026-08-23T19:53:00,2026-08-23T20:06:00,PRIMARY,0.78
SIG-TEST-0012,vital_signs.csv,OBS-447235,SpO2,2026-08-23T21:14:00,2026-08-23T21:31:00,QUALITY,0.77
SIG-TEST-0013,connectivity_events.csv,CONN-945687,,2026-08-20T06:22:00,2026-08-20T06:36:00,PRIMARY,
SIG-TEST-0013,vital_signs.csv,OBS-446239,SBP,2026-08-20T11:51:00,2026-08-20T11:58:00,CONTEXT,0.86
SIG-TEST-0013,laboratory_results.csv,LAB-442027,GLUCOSE,2026-08-20T11:39:00,2026-08-20T11:43:00,CONTEXT,0.62
SIG-TEST-0013,wearable_observations.csv,WOBS-797229,STEPS,2026-08-20T11:56:00,2026-08-20T12:00:00,SUPPORTING,
SIG-TEST-0014,laboratory_results.csv,LAB-796101,HEMOGLOBIN,2026-08-26T01:56:00,2026-08-26T01:59:00,PRIMARY,
SIG-TEST-0014,medication_administrations.csv,MEDADM-308802,,2026-08-26T01:17:00,2026-08-26T01:25:00,CONTEXT,
SIG-TEST-0014,wearable_observations.csv,WOBS-905819,WEARABLE_HR,2026-08-26T00:42:00,2026-08-26T00:44:00,SUPPORTING,0.57
SIG-TEST-0015,medication_administrations.csv,MEDADM-989545,,2026-08-27T07:45:00,2026-08-27T08:02:00,PRIMARY,0.52
SIG-TEST-0015,laboratory_results.csv,LAB-724377,POTASSIUM,2026-08-27T10:08:00,2026-08-27T10:13:00,QUALITY,0.89
