signal_id,patient_id,decision_datetime,risk_score,priority_level,confidence_score,evidence_start,evidence_end,explanation,model_version
SIG-TEST-0001,PAT-0655,2026-08-22T00:00:00,0.576,HIGH,0.8,2026-08-21T18:00:00,2026-08-22T00:00:00,"Tendencia sostenida al alza en HR (+18% vs. línea base personal, z-score causal 2.4) combinada con caída de SpO2 (-4pp) en la misma ventana de 6h; cobertura de lecturas 92%. Patrón cardio-respiratorio conjunto, no explicado por actividad física registrada (STEPS bajo).",rules_v0.1+iforest_v0.1-mock
SIG-TEST-0002,PAT-0164,2026-08-27T00:15:00,0.104,LOW,0.69,2026-08-26T18:15:00,2026-08-27T00:15:00,"Caída de SIGNAL_QUALITY_INDEX del wearable (<0.4) coincide con lectura de WEARABLE_HR anómala; se prioriza como señal de calidad, no de riesgo clínico directo, hasta confirmar con dispositivo clínico (HR).",rules_v0.1+iforest_v0.1-mock
SIG-TEST-0003,PAT-0624,2026-08-30T06:00:00,0.416,MEDIUM,0.64,2026-08-30T00:00:00,2026-08-30T06:00:00,"Caída de SIGNAL_QUALITY_INDEX del wearable (<0.4) coincide con lectura de WEARABLE_HR anómala; se prioriza como señal de calidad, no de riesgo clínico directo, hasta confirmar con dispositivo clínico (HR).",rules_v0.1+iforest_v0.1-mock
SIG-TEST-0004,PAT-0147,2026-08-24T06:00:00,0.19,LOW,0.64,2026-08-24T00:00:00,2026-08-24T06:00:00,"SBP fuera de rango personal (z-score 3.1) sostenido en 2 ventanas consecutivas, con baja variabilidad de HR. Contexto: sin cambios en medicación antihipertensiva en las últimas 24h.",rules_v0.1-mock
SIG-TEST-0005,PAT-0697,2026-08-22T00:30:00,0.853,CRITICAL,0.55,2026-08-21T18:30:00,2026-08-22T00:30:00,Combinación de baja cobertura de lecturas (58%) y valor único de HR extremo — señal marcada de confianza reducida (confidence_score bajo); se prioriza para revisión humana en vez de alerta automática fuerte.,rules_v0.1-mock
SIG-TEST-0006,PAT-0132,2026-08-27T18:30:00,0.182,LOW,0.84,2026-08-27T12:30:00,2026-08-27T18:30:00,Combinación de baja cobertura de lecturas (58%) y valor único de HR extremo — señal marcada de confianza reducida (confidence_score bajo); se prioriza para revisión humana en vez de alerta automática fuerte.,rules_v0.1-mock
SIG-TEST-0007,PAT-0286,2026-08-28T00:00:00,0.521,MEDIUM,0.72,2026-08-27T18:00:00,2026-08-28T00:00:00,"Tendencia sostenida al alza en HR (+18% vs. línea base personal, z-score causal 2.4) combinada con caída de SpO2 (-4pp) en la misma ventana de 6h; cobertura de lecturas 92%. Patrón cardio-respiratorio conjunto, no explicado por actividad física registrada (STEPS bajo).",rules_v0.1+iforest_v0.1-mock
SIG-TEST-0008,PAT-0993,2026-08-21T12:00:00,0.171,LOW,0.96,2026-08-21T06:00:00,2026-08-21T12:00:00,"Caída de SIGNAL_QUALITY_INDEX del wearable (<0.4) coincide con lectura de WEARABLE_HR anómala; se prioriza como señal de calidad, no de riesgo clínico directo, hasta confirmar con dispositivo clínico (HR).",rules_v0.1-mock
SIG-TEST-0009,PAT-0692,2026-08-24T00:15:00,0.273,LOW,0.8,2026-08-23T18:15:00,2026-08-24T00:15:00,"Incremento gradual de RR (+22% sobre baseline, tendencia positiva en 3 ventanas) con SpO2 en el límite inferior de plausibilidad. Sin incidentes de conectividad registrados que expliquen ruido de señal.",rules_v0.1-mock
SIG-TEST-0010,PAT-0903,2026-08-21T06:00:00,0.508,MEDIUM,0.82,2026-08-21T00:00:00,2026-08-21T06:00:00,"Tendencia sostenida al alza en HR (+18% vs. línea base personal, z-score causal 2.4) combinada con caída de SpO2 (-4pp) en la misma ventana de 6h; cobertura de lecturas 92%. Patrón cardio-respiratorio conjunto, no explicado por actividad física registrada (STEPS bajo).",rules_v0.1-mock
SIG-TEST-0011,PAT-0575,2026-08-20T06:00:00,0.271,LOW,0.61,2026-08-20T00:00:00,2026-08-20T06:00:00,"SBP fuera de rango personal (z-score 3.1) sostenido en 2 ventanas consecutivas, con baja variabilidad de HR. Contexto: sin cambios en medicación antihipertensiva en las últimas 24h.",rules_v0.1+iforest_v0.1-mock
SIG-TEST-0012,PAT-0822,2026-08-24T00:15:00,0.225,LOW,0.94,2026-08-23T18:15:00,2026-08-24T00:15:00,"Caída de SIGNAL_QUALITY_INDEX del wearable (<0.4) coincide con lectura de WEARABLE_HR anómala; se prioriza como señal de calidad, no de riesgo clínico directo, hasta confirmar con dispositivo clínico (HR).",rules_v0.1-mock
SIG-TEST-0013,PAT-0962,2026-08-20T12:00:00,0.807,CRITICAL,0.7,2026-08-20T06:00:00,2026-08-20T12:00:00,"Caída de SIGNAL_QUALITY_INDEX del wearable (<0.4) coincide con lectura de WEARABLE_HR anómala; se prioriza como señal de calidad, no de riesgo clínico directo, hasta confirmar con dispositivo clínico (HR).",rules_v0.1-mock
SIG-TEST-0014,PAT-0963,2026-08-26T06:30:00,0.652,HIGH,0.64,2026-08-26T00:30:00,2026-08-26T06:30:00,"Incremento gradual de RR (+22% sobre baseline, tendencia positiva en 3 ventanas) con SpO2 en el límite inferior de plausibilidad. Sin incidentes de conectividad registrados que expliquen ruido de señal.",rules_v0.1-mock
SIG-TEST-0015,PAT-0075,2026-08-27T12:15:00,0.872,CRITICAL,,2026-08-27T06:15:00,2026-08-27T12:15:00,Combinación de baja cobertura de lecturas (58%) y valor único de HR extremo — señal marcada de confianza reducida (confidence_score bajo); se prioriza para revisión humana en vez de alerta automática fuerte.,rules_v0.1+iforest_v0.1-mock
